state,district,blackvap_share,nominate_dim1,party_code
AL,1,0.24637444567229724,0.55,200
AL,2,0.29080454006583023,0.643,200
AL,3,0.2403363071406807,0.379,200
AL,4,0.07113884555382215,0.405,200
AL,5,0.16891917101207238,0.652,200
AL,6,0.18212230189851022,0.674,200
AL,7,0.5409005402958897,-0.402,100
AR,1,0.16179221088734955,0.461,200
AR,2,0.1908561092557825,0.435,200
AR,3,0.027870620993101645,0.347,200
AR,4,0.18925090856801463,0.543,200
AZ,1,0.0300566101188252,-0.198,100
AZ,2,0.020531175819942085,-0.169,100
AZ,3,0.10133151783453873,-0.598,100
AZ,4,0.05080764720021552,0.704,200
AZ,5,0.03502997691982027,0.818,200
AZ,6,0.03212362042142169,0.552,200
AZ,7,0.03777921555714042,-0.358,100
AZ,8,0.04072292510161935,0.616,200
AZ,9,0.04054776845739752,-0.278,100
CA,1,0.018047845334182352,0.542,200
CA,2,0.016991793332223816,-0.432,100
CA,3,0.015849795143745335,-0.314,100
CA,4,0.030259996884300977,0.67,200
CA,5,0.022991265821714537,-0.392,100
CA,6,0.08756069495399825,-0.433,100
CA,7,0.10131066119408133,-0.246,100
CA,8,0.1522298164919456,0.314,200
CA,9,0.07408797662189137,-0.263,100
CA,10,0.046164926923911956,-0.3,100
CA,11,0.051891163720034536,-0.512,100
CA,12,0.15504814669100336,-0.489,100
CA,13,0.030774171993509958,-0.676,100
CA,14,0.0529084220951149,-0.381,100
CA,15,0.026791952737256805,-0.355,100
CA,16,0.01978432012315003,-0.199,100
CA,17,0.02010136134464829,-0.456,100
CA,18,0.021359759121996884,-0.379,100
CA,19,0.022288347059994308,-0.397,100
CA,20,0.033306178225107085,-0.283,100
CA,21,0.04647181809441037,0.255,200
CA,22,0.04932383081383768,0.45,200
CA,22,0.04932383081383768,0.376,200
CA,23,0.08226664699091153,0.453,200
CA,24,0.01665861744896361,-0.325,100
CA,25,0.045217286584316826,0.356,200
CA,26,0.017852293403579286,-0.305,100
CA,27,0.0948383743093125,-0.48,100
CA,28,0.037351415752147045,-0.352,100
CA,29,0.04034291563592937,-0.39,100
CA,30,0.03492590664955196,-0.344,100
CA,31,0.02440989285426569,-0.326,100
CA,32,0.04232695309133736,-0.448,100
CA,33,0.10216969300700204,-0.373,100
CA,34,0.044941228419939167,-0.526,100
CA,35,0.0639300650023744,-0.364,100
CA,36,0.03546074909328429,-0.262,100
CA,37,0.23834341204353182,-0.584,100
CA,38,0.01944605978035124,-0.507,100
CA,39,0.08705958120522017,0.261,200
CA,40,0.017199992161780843,-0.469,100
CA,41,0.04907980800534827,-0.456,100
CA,42,0.06407974848968868,0.339,200
CA,43,0.24977988307388885,-0.656,100
CA,44,0.11248296087526934,-0.5,100
CA,45,0.021526654961827013,-0.236,100
CA,46,0.019298526163367948,-0.284,100
CA,47,0.015165414267590514,-0.449,100
CA,48,0.03156964220960758,0.37,200
CA,49,0.022037078736020416,-0.319,100
CA,50,0.027069122850784187,0.476,200
CA,51,0.05642548730875783,-0.4,100
CA,52,0.07823822560819857,-0.193,100
CO,1,0.0798110919432251,-0.431,100
CO,2,0.00943506275174463,-0.434,100
CO,3,0.008351475972580288,0.718,200
CO,4,0.017330440001846806,0.655,200
CO,5,0.056676811990432854,0.665,200
CO,6,0.09556339749026146,-0.365,100
CO,7,0.01360183803988135,-0.282,100
CT,1,0.14404733959996777,-0.396,100
CT,2,0.03692316050573253,-0.337,100
CT,3,0.1276223084400781,-0.414,100
CT,4,0.11389983821807488,-0.241,100
CT,5,0.06542524386555922,-0.339,100
FL,1,0.12144518762562578,0.593,200
FL,2,0.21882012470970208,0.508,200
FL,3,0.14543713929994423,0.591,200
FL,4,0.2960480737625473,0.434,200
FL,5,0.10975386246216794,-0.26,100
FL,6,0.09849248737245832,0.452,200
FL,7,0.08504733894156077,-0.161,100
FL,8,0.08245157359188113,0.533,200
FL,9,0.09131184970758367,-0.343,100
FL,10,0.22723061135704725,-0.322,100
FL,11,0.10989717121933694,0.524,200
FL,12,0.040690304817719444,0.423,200
FL,13,0.058800025398910015,-0.227,100
FL,14,0.16630555830331187,-0.437,100
FL,15,0.13251836373486234,0.624,200
FL,16,0.09808818974436705,0.361,200
FL,17,0.04685028973145582,0.69,200
FL,18,0.11693952216255421,0.461,200
FL,19,0.04938649784721159,0.638,200
FL,20,0.4690857169145523,-0.43,100
FL,20,0.4690857169145523,-0.564,100
FL,21,0.110138794076979,-0.396,100
FL,22,0.14222319312937906,-0.401,100
FL,23,0.11399566585022408,-0.413,100
FL,24,0.3784701573777097,-0.476,100
FL,25,0.14825675582799597,0.281,200
FL,26,0.045674856031890525,0.332,200
FL,27,0.04787133696367282,0.274,200
GA,1,0.26442598892103053,0.559,200
GA,2,0.4753432443654829,-0.289,100
GA,3,0.22024038338330643,0.585,200
GA,4,0.5176391544607304,-0.478,100
GA,5,0.471120547162605,-0.447,100
GA,6,0.08588065062844397,-0.371,100
GA,7,0.2738086390260303,-0.303,100
GA,8,0.2888405343423139,0.539,200
GA,9,0.09377576291960367,0.828,200
GA,10,0.2134962483978772,0.797,200
GA,11,0.1627844118054362,0.679,200
GA,12,0.35062692164372744,0.69,200
GA,13,0.639058475585619,-0.305,100
GA,14,0.13008469294479377,0.8,200
HI,1,0.018811998912895773,-0.205,100
HI,2,0.012313442703879686,-0.353,100
IA,1,0.03936274462243007,0.356,200
IA,2,0.040278601355095214,0.335,200
IA,3,0.0437501456008573,-0.25,100
IA,4,0.0184200274809011,0.467,200
ID,1,0.0051309156077745,0.648,200
ID,2,0.009347434170990933,0.296,200
IL,1,0.5007113742334184,-0.479,100
IL,2,0.4683094565801098,-0.473,100
IL,3,0.046443090120599675,-0.588,100
IL,4,0.05018461173042256,-0.432,100
IL,5,0.025203406965739774,-0.325,100
IL,6,0.052185691789811924,-0.634,100
IL,7,0.40994284327689684,-0.487,100
IL,8,0.03978132065508101,-0.347,100
IL,9,0.08424031058761598,-0.602,100
IL,10,0.06153669856185183,-0.197,100
IL,11,0.05798141237398847,-0.238,100
IL,12,0.04959723684366166,0.401,200
IL,13,0.1870448563419409,0.279,200
IL,14,0.09152319994326341,-0.594,100
IL,15,0.029260470285347943,0.791,200
IL,16,0.02190226354151535,0.234,200
IL,17,0.12624027125699525,-0.239,100
IN,1,0.17601745411498312,-0.305,100
IN,2,0.06171550133440343,0.436,200
IN,2,0.06171550133440343,0.516,200
IN,3,0.056742042436789195,0.648,200
IN,4,0.03438506986387188,0.446,200
IN,5,0.056987956216463964,0.49,200
IN,6,0.036706866674835026,0.5,200
IN,7,0.313031100076116,-0.435,100
IN,8,0.03944019052109707,0.38,200
IN,9,0.026648850087337278,0.417,200
KS,1,0.02759154613409032,0.607,200
KS,2,0.08426507860165255,0.468,200
KS,3,0.04455437532705037,-0.263,100
KS,4,0.06398884694422567,0.648,200
KY,1,0.06966528384542456,0.592,200
KY,2,0.05346304206939324,0.427,200
KY,3,0.20375391138608312,-0.378,100
KY,4,0.032824870342813776,0.662,200
KY,5,0.015822833534347814,0.333,200
KY,6,0.08011480871766731,0.489,200
LA,1,0.12131312140621285,0.559,200
LA,2,0.5635862427583817,-0.486,100
LA,2,0.5635862427583817,-0.517,100
LA,3,0.23377460408397102,0.627,200
LA,4,0.325401162249723,0.565,200
LA,5,0.31824824360676207,0.43,200
LA,6,0.2286364103142524,0.425,200
MA,1,0.05257565753626626,-0.417,100
MA,2,0.049136828542543046,-0.538,100
MA,3,0.036173061224489794,-0.408,100
MA,4,0.0307275689718282,-0.274,100
MA,5,0.04908409453914467,-0.479,100
MA,6,0.029741141030468606,-0.286,100
MA,7,0.1911565886155509,-0.373,100
MA,8,0.08872820863284545,-0.342,100
MA,9,0.024730001255808112,-0.329,100
MD,1,0.14146473823991318,0.674,200
MD,2,0.2276323697436812,-0.299,100
MD,3,0.16474462354242483,-0.466,100
MD,4,0.5683435085045961,-0.344,100
MD,5,0.39598877126526194,-0.381,100
MD,6,0.12182151070845951,-0.348,100
MD,7,0.5206010260064359,-0.44,100
MD,8,0.1616043106070482,-0.503,100
ME,1,0.018202327663384064,-0.423,100
ME,2,0.011575731754851926,-0.105,100
MI,1,0.009931266967824972,0.433,200
MI,2,0.02203809658432514,0.531,200
MI,3,0.1024448920593707,0.245,200
MI,4,0.07713908884226434,0.447,200
MI,5,0.0403911585642141,-0.359,100
MI,6,0.09541521190353364,0.32,200
MI,7,0.05665318754948341,0.498,200
MI,8,0.13906227845429936,-0.368,100
MI,9,0.021815728687335997,-0.474,100
MI,10,0.12087439058993474,0.548,200
MI,11,0.1247408387082347,-0.371,100
MI,12,0.4380911320545813,-0.402,100
MI,13,0.446989494568454,-0.29,100
MN,1,0.03131633853178606,0.477,200
MN,1,0.03131633853178606,0.55,200
MN,2,0.05166907277016973,-0.274,100
MN,3,0.07986400995263002,-0.277,100
MN,4,0.09665168704876971,-0.419,100
MN,5,0.1454239946621859,-0.296,100
MN,6,0.03707376524869135,0.467,200
MN,7,0.012315252869769318,0.539,200
MN,8,0.0114075348504197,0.384,200
MO,1,0.4332966001922349,-0.247,100
MO,2,0.0306704683493049,0.391,200
MO,3,0.044989690992854395,0.45,200
MO,4,0.041961957668715834,0.478,200
MO,5,0.2051511480414679,-0.454,100
MO,6,0.03478564977352827,0.449,200
MO,7,0.018987873149992108,0.544,200
MO,8,0.04221690423933612,0.577,200
MS,1,0.2622803017014559,0.637,200
MS,2,0.6073734776678098,-0.519,100
MS,3,0.3163515872833737,0.53,200
MS,4,0.215687034329699,0.535,200
MT,1,0.0033355925303083225,0.753,200
NC,1,0.3961115836026535,-0.404,100
NC,2,0.16506421417726455,-0.383,100
NC,3,0.17421612910392537,0.486,200
NC,4,0.24962218368542718,-0.343,100
NC,5,0.1139166216719263,0.624,200
NC,6,0.2979437131417459,-0.276,100
NC,7,0.1768949730232308,0.567,200
NC,8,0.13442794324773252,0.524,200
NC,9,0.22342472046169362,0.703,200
NC,10,0.09602873766621016,0.524,200
NC,11,0.03310056805226803,0.555,200
NC,12,0.33666593066902184,-0.464,100
NC,13,0.2050266110497514,0.633,200
NE,1,0.031022787278118528,0.304,200
NE,1,0.031022787278118528,0.445,200
NE,2,0.09243075556761624,0.281,200
NE,3,0.011767118825379334,0.509,200
NH,1,0.013073806738752103,-0.234,100
NH,2,0.011656402269122502,-0.264,100
NJ,1,0.15530174923987336,-0.42,100
NJ,2,0.1071598260892204,0.382,200
NJ,3,0.12322001596325194,-0.408,100
NJ,4,0.03357570971770579,0.183,200
NJ,5,0.05362516113920298,-0.164,100
NJ,6,0.10432137132389022,-0.402,100
NJ,7,0.04763374924869199,-0.272,100
NJ,8,0.080869080313052,-0.404,100
NJ,9,0.08149808408656992,-0.369,100
NJ,10,0.48011282262113775,-0.52,100
NJ,11,0.06167046719353423,-0.234,100
NJ,12,0.15637700056922732,-0.594,100
NM,1,0.02430241743226991,-0.332,100
NM,1,0.02430241743226991,-0.442,100
NM,2,0.018854331531639144,0.936,200
NM,3,0.012965868496968286,-0.368,100
NV,1,0.09700739800604533,-0.297,100
NV,2,0.019833858493268405,0.384,200
NV,3,0.09290246340058012,-0.228,100
NV,4,0.15622236892795258,-0.316,100
NY,1,0.04329092326332924,0.397,200
NY,2,0.09498247420153443,0.244,200
NY,3,0.03521419190358467,-0.213,100
NY,4,0.16520903474865484,-0.28,100
NY,5,0.4087551481981916,-0.415,100
NY,6,0.0366138665281745,-0.37,100
NY,7,0.10183435523545988,-0.547,100
NY,8,0.4153037010628433,-0.482,100
NY,9,0.42360247828677555,-0.606,100
NY,10,0.057878726680635144,-0.507,100
NY,11,0.0627520475275572,0.335,200
NY,12,0.04665007177947239,-0.387,100
NY,13,0.23585691174282358,-0.529,100
NY,14,0.16164862215160655,-0.33,100
NY,15,0.2996254490529066,-0.31,100
NY,16,0.20872808219746997,-0.357,100
NY,17,0.076195386619455,-0.414,100
NY,18,0.0996684165983444,-0.239,100
NY,19,0.03966043993040151,-0.233,100
NY,19,0.03966043993040151,-0.226,100
NY,20,0.08344453938294243,-0.416,100
NY,21,0.02536911301622211,0.307,200
NY,22,0.08143285406790353,0.464,200
NY,23,0.022697381208453733,0.269,200
NY,23,0.022697381208453733,0.545,200
NY,24,0.028731763517974344,0.185,200
NY,25,0.13413536943680332,-0.333,100
NY,26,0.16243600116456566,-0.348,100
OH,1,0.18350769474017076,0.542,200
OH,2,0.021207271533505684,0.527,200
OH,3,0.25055704968298514,-0.439,100
OH,4,0.048481434007677425,0.712,200
OH,5,0.03680751757432586,0.508,200
OH,6,0.0602715387407582,0.436,200
OH,7,0.02881239309094183,0.484,200
OH,8,0.1177669610564944,0.652,200
OH,9,0.11224142839712042,-0.341,100
OH,10,0.16372865892757713,0.265,200
OH,11,0.4178552680794502,-0.581,100
OH,11,0.4178552680794502,-0.466,100
OH,12,0.03628179411322103,0.462,200
OH,13,0.11991113642103705,-0.402,100
OH,14,0.048692011670327544,0.25,200
OH,15,0.09907862131486021,0.3,200
OH,15,0.09907862131486021,0.406,200
OK,1,0.08491562065324865,0.68,200
OK,2,0.031610882434936614,0.531,200
OK,3,0.05028627667426968,0.361,200
OK,4,0.07407919969949191,0.323,200
OK,5,0.11384398448909705,0.413,200
OR,1,0.006254532590430706,-0.4,100
OR,2,0.008588863700422094,0.474,200
OR,3,0.008453541296319738,-0.426,100
OR,4,0.012056256451218756,-0.427,100
OR,5,0.051009400253643714,-0.182,100
PA,1,0.037406168661727975,0.141,200
PA,2,0.23164881005617702,-0.381,100
PA,3,0.4812628601844717,-0.47,100
PA,4,0.07779753441558655,-0.443,100
PA,5,0.23014758677049477,-0.462,100
PA,6,0.05554874017733614,-0.261,100
PA,7,0.05122306319570654,-0.261,100
PA,8,0.058932560161987446,-0.344,100
PA,9,0.02274680297660418,0.492,200
PA,10,0.09496416525085988,0.685,200
PA,11,0.0324492562548552,0.455,200
PA,12,0.13607169742998446,0.498,200
PA,13,0.02295639040966585,0.58,200
PA,14,0.032536821522313915,0.446,200
PA,15,0.02161790923109757,0.335,200
PA,16,0.03996775182010497,0.379,200
PA,17,0.07310518410262656,-0.143,100
RI,1,0.05857316256962327,-0.389,100
RI,2,0.0360473469716603,-0.375,100
SC,1,0.16264026332854042,0.348,200
SC,2,0.23953489607967138,0.53,200
SC,3,0.16615677617625416,0.695,200
SC,4,0.1783171898704633,0.6,200
SC,5,0.23570475474701819,0.852,200
SC,6,0.4503268874965745,-0.467,100
SC,7,0.24296144115999116,0.558,200
TN,1,0.02153190099851766,0.678,200
TN,2,0.05480615548711736,0.666,200
TN,3,0.0961312588028894,0.432,200
TN,4,0.08926189795723949,0.578,200
TN,5,0.11281596467781926,-0.164,100
TN,6,0.08937583323233547,0.661,200
TN,7,0.1546925116935989,0.671,200
TN,8,0.17533421080234277,0.542,200
TN,9,0.5766593224539402,-0.389,100
TX,1,0.17281047150049866,0.644,200
TX,2,0.10929961944971249,0.436,200
TX,3,0.0907502242489002,0.581,200
TX,4,0.08872600673567636,0.714,200
TX,5,0.1315317519970634,0.717,200
TX,6,0.13584759064374347,0.711,200
TX,6,0.13584759064374347,0.511,200
TX,7,0.17986695726206944,-0.523,100
TX,8,0.11831154991436987,0.52,200
TX,9,0.36581729057941625,-0.447,100
TX,10,0.09404017298988207,0.411,200
TX,11,0.10532161101611966,0.634,200
TX,12,0.10678310372939437,0.403,200
TX,13,0.06516709004492212,0.785,200
TX,14,0.15137613113097736,0.72,200
TX,15,0.011552578089051047,-0.388,100
TX,16,0.029637836838061635,-0.482,100
TX,17,0.1483030841477345,0.584,200
TX,18,0.3263211095398899,-0.459,100
TX,19,0.06411438557908906,0.643,200
TX,20,0.05684705063511397,-0.401,100
TX,21,0.03419587029106663,0.8,200
TX,22,0.11058700398794594,0.611,200
TX,23,0.036619936355035694,0.35,200
TX,24,0.06689368103279517,0.606,200
TX,25,0.11236345164815806,0.594,200
TX,26,0.0864281315368471,0.565,200
TX,27,0.04282725330162086,0.692,200
TX,28,0.04767260411939035,-0.225,100
TX,29,0.13508855701732722,-0.771,100
TX,30,0.4009750762101762,-0.485,100
TX,31,0.07478442516579657,0.487,200
TX,32,0.18718411582545208,-0.422,100
TX,33,0.19205103469285617,-0.408,100
TX,34,0.005021200212740811,-0.311,100
TX,34,0.005021200212740811,0.336,200
TX,35,0.11888121436166309,-0.403,100
TX,36,0.1185332414044487,0.708,200
UT,1,0.011582465415365003,0.369,200
UT,2,0.013985895922918871,0.499,200
UT,3,0.006724741677688756,0.452,200
UT,4,0.01140872118886506,0.452,200
VA,1,0.12942037126546396,0.447,200
VA,2,0.21839572122668618,-0.206,100
VA,3,0.42125076451599186,-0.451,100
VA,4,0.39883341326199767,-0.381,100
VA,5,0.20481722492264115,0.8,200
VA,6,0.07547915304790005,0.716,200
VA,7,0.19995761763243208,-0.196,100
VA,8,0.12335826566937322,-0.394,100
VA,9,0.05694713523656681,0.509,200
VA,10,0.08448047650562542,-0.384,100
VA,11,0.07998111536145232,-0.309,100
WA,1,0.02506334729102115,-0.295,100
WA,2,0.02408855015582011,-0.365,100
WA,3,0.016065353331614574,0.336,200
WA,4,0.008854435027082148,0.317,200
WA,5,0.01710352921122162,0.436,200
WA,6,0.0339052294126223,-0.316,100
WA,7,0.045233462290393746,-0.614,100
WA,8,0.01896786604233413,-0.276,100
WA,9,0.11276273260166907,-0.291,100
WA,10,0.06687002042555494,-0.446,100
WI,1,0.05993145623336179,0.42,200
WI,2,0.037087023903605555,-0.523,100
WI,3,0.011883988569046508,-0.26,100
WI,4,0.29169243565818936,-0.521,100
WI,5,0.014679941038590726,0.6,200
WI,6,0.020923683131138567,0.599,200
WI,7,0.006551697391214417,0.642,200
WI,8,0.01475650284343702,0.437,200
WV,1,0.04057528343593943,0.3,200
WV,2,0.03201533635413036,0.568,200
